"Audiobook Title","Audiobook URL","Audiobook Image","Author","Narrated By","Categories","Performance Rating (Max 5)","Story Rating (Max 5)","Highly rated for"
"Three Men in a Boat (To Say Nothing of the Dog)","https://www.audible.com/pd/Three-Men-in-a-Boat-To-Say-Nothing-of-the-Dog-Audiobook/B004P95AYI?ref_pageloadid=ijRuxg4KTq8ReFa6&pf_rd_p=95b555b2-2931-4812-98e1-6535e764d43f&pf_rd_r=MRVR918HRVGKWEC5RZYW&plink=XoZV9xKkWhsJopVi&pageLoadId=p44xZRxRNSWUyR2w&creativeId=b5fa8602-fb94-432a-aacc-e3734bed4f97&ref=a_library_w_c5_prod_1","https://m.media-amazon.com/images/I/61qPuJmuPSL._SL500_.jpg","Jerome K. Jerome","Steven Crossley","Fiction,Feel-Good,Exciting,Heartfelt,Suspenseful","4.6","4.3","Humorous Storytelling • Witty Observations • Engaging Narration • Memorable Anecdotes • Lyrical Descriptions"
"The Princess Bride","https://www.audible.com/pd/The-Princess-Bride-Audiobook/B09NLG87J7?ref_pageloadid=ijRuxg4KTq8ReFa6&pf_rd_p=95b555b2-2931-4812-98e1-6535e764d43f&pf_rd_r=MRVR918HRVGKWEC5RZYW&plink=XoZV9xKkWhsJopVi&pageLoadId=p44xZRxRNSWUyR2w&creativeId=b5fa8602-fb94-432a-aacc-e3734bed4f97&ref=a_library_w_c5_prod_2","https://m.media-amazon.com/images/I/41RnPe7Oi1L._SL500_.jpg","William Goldman","Rob Reiner","Action & Adventure,Fantasy,Fiction","4.5","4.6","Classic Adventure, Timeless Romance, Excellent Narration, Masterful Storytelling, Nostalgic Comfort, Clear Voice"
"Is Everyone Hanging Out Without Me? (And Other Concerns)","https://www.audible.com/pd/Is-Everyone-Hanging-Out-Without-Me-And-Other-Concerns-Audiobook/B005V2HRA8?ref_pageloadid=ijRuxg4KTq8ReFa6&pf_rd_p=95b555b2-2931-4812-98e1-6535e764d43f&pf_rd_r=MRVR918HRVGKWEC5RZYW&plink=XoZV9xKkWhsJopVi&pageLoadId=p44xZRxRNSWUyR2w&creativeId=b5fa8602-fb94-432a-aacc-e3734bed4f97&ref=a_library_w_c5_prod_3","https://m.media-amazon.com/images/I/61Ai3R+dwLL._SL500_.jpg","Mindy Kaling","Mindy Kaling, Michael Schur, B. J. Novak","Fiction,Exciting,Heartfelt,Suspenseful,Feel-Good,Teen & Young Adult","4.6","4.2","Conversational Storytelling, Relatable Personal Anecdotes, Authentic Narration, Authentic Career Journey"
"Anxious People","https://www.audible.com/pd/Anxious-People-Audiobook/1797105833?ref_pageloadid=ijRuxg4KTq8ReFa6&pf_rd_p=95b555b2-2931-4812-98e1-6535e764d43f&pf_rd_r=MRVR918HRVGKWEC5RZYW&plink=XoZV9xKkWhsJopVi&pageLoadId=p44xZRxRNSWUyR2w&creativeId=b5fa8602-fb94-432a-aacc-e3734bed4f97&ref=a_library_w_c5_prod_4","https://m.media-amazon.com/images/I/5136OwhxyYL._SL500_.jpg","Fredrik Backman","Marin Ireland","Fiction,Exciting,Heartfelt,Suspenseful,Feel-Good","4.7","4.6","Masterful Storytelling • Intricate Character Connections • Unexpected Plot Twists • Emotional Depth • Satisfying Conclusion"
"Flat Spin","https://www.audible.com/pd/Flat-Spin-Audiobook/B0CKTVF2HX?ref_pageloadid=ijRuxg4KTq8ReFa6&pf_rd_p=95b555b2-2931-4812-98e1-6535e764d43f&pf_rd_r=MRVR918HRVGKWEC5RZYW&plink=XoZV9xKkWhsJopVi&pageLoadId=p44xZRxRNSWUyR2w&creativeId=b5fa8602-fb94-432a-aacc-e3734bed4f97&ref=a_library_w_c5_prod_5","https://m.media-amazon.com/images/I/41T0IB1r+oL._SL500_.jpg","David Freed","Ray Porter","Mystery,Thriller & Suspense","4.6","4.2","Witty Dialogue, Unexpected Twists, Excellent Narration, Entertaining Humor, Unique Aviation Backdrop"
"We Solve Murders","https://www.audible.com/pd/We-Solve-Murders-Audiobook/B0CQMJZ75J?ref_pageloadid=ijRuxg4KTq8ReFa6&pf_rd_p=95b555b2-2931-4812-98e1-6535e764d43f&pf_rd_r=MRVR918HRVGKWEC5RZYW&plink=XoZV9xKkWhsJopVi&pageLoadId=p44xZRxRNSWUyR2w&creativeId=b5fa8602-fb94-432a-aacc-e3734bed4f97&ref=a_library_w_c5_prod_6","https://m.media-amazon.com/images/I/41Fc61xTUzL._SL500_.jpg","Richard Osman","Nicola Walker","Mystery,Crime,Exciting,Witty,Murder","4.8","4.6","Engaging Plot Twists, Witty Dialogue, Exceptional Narration, Clever Storytelling, Emotional Depth, Smooth Delivery"
"Every Time I Go on Vacation, Someone Dies","https://www.audible.com/pd/Every-Time-I-Go-on-Vacation-Someone-Dies-Audiobook/B0CKM1RBSN?ref_pageloadid=ijRuxg4KTq8ReFa6&pf_rd_p=95b555b2-2931-4812-98e1-6535e764d43f&pf_rd_r=MRVR918HRVGKWEC5RZYW&plink=XoZV9xKkWhsJopVi&pageLoadId=p44xZRxRNSWUyR2w&creativeId=b5fa8602-fb94-432a-aacc-e3734bed4f97&ref=a_library_w_c5_prod_7","https://m.media-amazon.com/images/I/51fuL2JjcZL._SL500_.jpg","Catherine Mack","Elizabeth Evans","Mystery,Thriller & Suspense,Fiction,Funny,Heartfelt,Witty","4.4","4","Engaging Fourth-wall Breaking • Entertaining Narrative Style • Clever Plot Twists • Fun Lighthearted Read • Fun Twist"
"A Good Girl's Guide to Murder","https://www.audible.com/pd/A-Good-Girls-Guide-to-Murder-Audiobook/0008505365?ref_pageloadid=ijRuxg4KTq8ReFa6&pf_rd_p=95b555b2-2931-4812-98e1-6535e764d43f&pf_rd_r=MRVR918HRVGKWEC5RZYW&plink=XoZV9xKkWhsJopVi&pageLoadId=p44xZRxRNSWUyR2w&creativeId=b5fa8602-fb94-432a-aacc-e3734bed4f97&ref=a_library_w_c5_prod_8","https://m.media-amazon.com/images/I/51PwabCt4AL._SL500_.jpg","Holly Jackson","Luke Poli, Kristin Atherton, Clare Corbett, Jot Davies, Maryam Grace, Olivia Forrest","Teen & Young Adult,Mystery, Thriller & Suspense,Fiction","4.6","4.4","perfect adaptation of the text, Captivating Thriller, twists and turns, side effects of phone calls and recordings, hooked from start to finish"
"Everyone in My Family Has Killed Someone","https://www.audible.com/pd/Everyone-in-My-Family-Has-Killed-Someone-Audiobook/B09YC44YHN?ref_pageloadid=ijRuxg4KTq8ReFa6&pf_rd_p=95b555b2-2931-4812-98e1-6535e764d43f&pf_rd_r=MRVR918HRVGKWEC5RZYW&plink=XoZV9xKkWhsJopVi&pageLoadId=p44xZRxRNSWUyR2w&creativeId=b5fa8602-fb94-432a-aacc-e3734bed4f97&ref=a_library_w_c5_prod_9","https://m.media-amazon.com/images/I/41jROoOBIML._SL500_.jpg","Benjamin Stevenson","Barton Welch","Mystery,Thriller & Suspense,Crime,Fiction,Dark Humor,Detective,Witty","4.6","4.3","Clever Plot Twists • Engaging Storytelling • Excellent Narration • Dark Humor • Surprising Ending • Perfect Voice Acting"
"Just for the Summer","https://www.audible.com/pd/Just-for-the-Summer-Audiobook/B0CPQBM68B?ref_pageloadid=ijRuxg4KTq8ReFa6&pf_rd_p=95b555b2-2931-4812-98e1-6535e764d43f&pf_rd_r=MRVR918HRVGKWEC5RZYW&plink=XoZV9xKkWhsJopVi&pageLoadId=p44xZRxRNSWUyR2w&creativeId=b5fa8602-fb94-432a-aacc-e3734bed4f97&ref=a_library_w_c5_prod_10","https://m.media-amazon.com/images/I/51Wr6X14NqL._SL500_.jpg","Abby Jimenez","Christine Lakin, Zachary Webber","Fiction,Exciting,Heartfelt,Suspenseful,Feel-Good,Contemporary Romantic Comedy,Romance","4.8","4.5","Emotional Depth, Authentic Storytelling, Perfect Narrators, Natural Chemistry, Beautiful Relationships"
"Magpie Murders","https://www.audible.com/pd/Magpie-Murders-Audiobook/B06Y5R9X2S?ref_pageloadid=ijRuxg4KTq8ReFa6&pf_rd_p=95b555b2-2931-4812-98e1-6535e764d43f&pf_rd_r=MRVR918HRVGKWEC5RZYW&plink=XoZV9xKkWhsJopVi&pageLoadId=p44xZRxRNSWUyR2w&creativeId=b5fa8602-fb94-432a-aacc-e3734bed4f97&ref=a_library_w_c5_prod_11","https://m.media-amazon.com/images/I/51eRDQLWYfL._SL500_.jpg","Anthony Horowitz","Samantha Bond, Allan Corduner","Crime,Mystery,Thriller & Suspense,Fiction,Exciting,Suspenseful","4.7","4.4","Innovative Structure • Clever Interconnected Mysteries • Excellent Narration • Intricate Plotting • Literary References"
"Seven and a Half Lessons About the Brain","https://www.audible.com/pd/Seven-and-a-Half-Lessons-About-the-Brain-Audiobook/1721358056?ref_pageloadid=ijRuxg4KTq8ReFa6&pf_rd_p=95b555b2-2931-4812-98e1-6535e764d43f&pf_rd_r=MRVR918HRVGKWEC5RZYW&plink=XoZV9xKkWhsJopVi&pageLoadId=p44xZRxRNSWUyR2w&creativeId=b5fa8602-fb94-432a-aacc-e3734bed4f97&ref=a_library_w_c5_prod_12","https://m.media-amazon.com/images/I/51DrRo01ZeL._SL500_.jpg","Lisa Feldman Barrett","Lisa Feldman Barrett","Science Fiction & Fantasy","4.7","4.6","Accessible Neuroscience Explanations, Practical Brain Insights, Beautiful Speaking Voice, Engaging Scientific Presentation"
"The Murder of Roger Ackroyd","https://www.audible.com/pd/The-Murder-of-Roger-Ackroyd-Audiobook/B008DF9K32?ref_pageloadid=ijRuxg4KTq8ReFa6&pf_rd_p=95b555b2-2931-4812-98e1-6535e764d43f&pf_rd_r=MRVR918HRVGKWEC5RZYW&plink=XoZV9xKkWhsJopVi&pageLoadId=p44xZRxRNSWUyR2w&creativeId=b5fa8602-fb94-432a-aacc-e3734bed4f97&ref=a_library_w_c5_prod_13","https://m.media-amazon.com/images/I/51o+vli6NYL._SL500_.jpg","Agatha Christie","Hugh Fraser","Crime,Mystery,Fiction","4.8","4.7","Clever Plot Twist, Engaging Mystery, Versatile Voice Acting, Distinct Character Voices, Masterful Storytelling"
"I Let You Go","https://www.audible.com/pd/I-Let-You-Go-Audiobook/B01D0HVN46?ref_pageloadid=ijRuxg4KTq8ReFa6&pf_rd_p=95b555b2-2931-4812-98e1-6535e764d43f&pf_rd_r=MRVR918HRVGKWEC5RZYW&plink=XoZV9xKkWhsJopVi&pageLoadId=p44xZRxRNSWUyR2w&creativeId=b5fa8602-fb94-432a-aacc-e3734bed4f97&ref=a_library_w_c5_prod_14","https://m.media-amazon.com/images/I/61TAX0L9+eL._SL500_.jpg","Clare Mackintosh","Nicola Barber, Steven Crossley","Crime,Thriller & Suspense,Fiction,Mystery,Exciting,Suspenseful","4.5","4.3","Unexpected Twists • Compelling Storyline • Excellent Dual Narration • Emotional Depth • Gripping Suspense"
"Foundryside","https://www.audible.com/pd/Foundryside-Audiobook/B07DJVDLL9?ref_pageloadid=ijRuxg4KTq8ReFa6&pf_rd_p=95b555b2-2931-4812-98e1-6535e764d43f&pf_rd_r=MRVR918HRVGKWEC5RZYW&plink=XoZV9xKkWhsJopVi&pageLoadId=p44xZRxRNSWUyR2w&creativeId=b5fa8602-fb94-432a-aacc-e3734bed4f97&ref=a_library_w_c5_prod_15","https://m.media-amazon.com/images/I/51Ak3oMiskL._SL500_.jpg","Robert Jackson Bennett","Tara Sands","Action & Adventure,Fantasy,Fiction,Exciting,Heartfelt,Suspenseful","4.4","4.4","Unique Magic System • Engaging World Building • Excellent Character Distinction • Interesting Plot Twists"
"The Terminal List","https://www.audible.com/pd/The-Terminal-List-Audiobook/B078SG5VPQ?ref_pageloadid=ijRuxg4KTq8ReFa6&pf_rd_p=95b555b2-2931-4812-98e1-6535e764d43f&pf_rd_r=MRVR918HRVGKWEC5RZYW&plink=XoZV9xKkWhsJopVi&pageLoadId=p44xZRxRNSWUyR2w&creativeId=b5fa8602-fb94-432a-aacc-e3734bed4f97&ref=a_library_w_c5_prod_16","https://m.media-amazon.com/images/I/41oBbuBwPCL._SL500_.jpg","Jack Carr","Ray Porter","Thriller & Suspense,Fiction,Exciting,Suspenseful","4.8","4.7","Gripping Revenge Narrative • Authentic Military Details • Authentic Protagonist • Fast-paced Action • Masterful Pacing"
"The Mask of Mirrors","https://www.audible.com/pd/The-Mask-of-Mirrors-Audiobook/1549190911?ref_pageloadid=ijRuxg4KTq8ReFa6&pf_rd_p=95b555b2-2931-4812-98e1-6535e764d43f&pf_rd_r=MRVR918HRVGKWEC5RZYW&plink=XoZV9xKkWhsJopVi&pageLoadId=p44xZRxRNSWUyR2w&creativeId=b5fa8602-fb94-432a-aacc-e3734bed4f97&ref=a_library_w_c5_prod_17","https://m.media-amazon.com/images/I/514yIaJgQ-L._SL500_.jpg","M. A. Carrick","Nikki Massoud","Action & Adventure,Fantasy,Fiction,Heartfelt","4.5","4.3","Complex Characters, Intricate Plot, Rich Worldbuilding, Unexpected Twists, Adult Fantasy, Expressive Performance"
"Without Fail","https://www.audible.com/pd/Without-Fail-Audiobook/B016J85CWW?ref_pageloadid=ijRuxg4KTq8ReFa6&pf_rd_p=95b555b2-2931-4812-98e1-6535e764d43f&pf_rd_r=MRVR918HRVGKWEC5RZYW&plink=XoZV9xKkWhsJopVi&pageLoadId=p44xZRxRNSWUyR2w&creativeId=b5fa8602-fb94-432a-aacc-e3734bed4f97&ref=a_library_w_c5_prod_18","https://m.media-amazon.com/images/I/51s9OZxofoL._SL500_.jpg","Lee Child","Dick Hill","Action & Adventure,Crime,Thriller & Suspense,Fiction,Mystery","4.6","4.5","Engaging Plot • Clever Detective Work • Excellent Narration • Compelling Protagonist • Thrilling Suspense"
"Can't Hurt Me","https://www.audible.com/pd/Cant-Hurt-Me-Audiobook/B07KKMNZCH?ref_pageloadid=ijRuxg4KTq8ReFa6&pf_rd_p=95b555b2-2931-4812-98e1-6535e764d43f&pf_rd_r=MRVR918HRVGKWEC5RZYW&plink=XoZV9xKkWhsJopVi&pageLoadId=p44xZRxRNSWUyR2w&creativeId=b5fa8602-fb94-432a-aacc-e3734bed4f97&ref=a_library_w_c5_prod_19","https://m.media-amazon.com/images/I/51TNypSYkoL._SL500_.jpg","David Goggins","David Goggins, Adam Skolnick","Personal Development","4.9","4.9","Transformative Journey, Raw Authenticity, Innovative Hybrid Format, Unique Audiobook Format, Compelling Narrative Arc"
"The Wedding People","https://www.audible.com/pd/The-Wedding-People-Audiobook/B0CKM5R899?ref_pageloadid=ijRuxg4KTq8ReFa6&pf_rd_p=95b555b2-2931-4812-98e1-6535e764d43f&pf_rd_r=MRVR918HRVGKWEC5RZYW&plink=XoZV9xKkWhsJopVi&pageLoadId=p44xZRxRNSWUyR2w&creativeId=b5fa8602-fb94-432a-aacc-e3734bed4f97&ref=a_library_w_c5_prod_20","https://m.media-amazon.com/images/I/51+gT0dE0IL._SL500_.jpg","Alison Espach","Helen Laser","Fiction,Feel-Good,Heartfelt,Suspenseful","4.6","4.5","Witty Dialogue, Unexpected Twists, Distinctive Character Voices, Emotional Depth, Dark Humor, Perfect Voice Casting"
"Riftside 1","https://www.audible.com/pd/Riftside-1-Audiobook/B0FFBLZ5N3?ref_pageloadid=ijRuxg4KTq8ReFa6&pf_rd_p=95b555b2-2931-4812-98e1-6535e764d43f&pf_rd_r=MRVR918HRVGKWEC5RZYW&plink=XoZV9xKkWhsJopVi&pageLoadId=p44xZRxRNSWUyR2w&creativeId=b5fa8602-fb94-432a-aacc-e3734bed4f97&ref=a_library_w_c5_prod_21","https://m.media-amazon.com/images/I/51l9T3mSjSL._SL500_.jpg","Cassius Lange, Henrik Saetre","Justin Thomas James, Jessica Threet, Jeff Hays","Science Fiction & Fantasy,Fantasy,Action & Adventure","4.7","4.6","Engaging Storyline • Well-developed Characters • Balanced Game Mechanics • Stellar Voice Acting • Immersive Sound Design"
"Red Seas Under Red Skies","https://www.audible.com/pd/Red-Seas-Under-Red-Skies-Audiobook/0593163427?ref_pageloadid=ijRuxg4KTq8ReFa6&pf_rd_p=95b555b2-2931-4812-98e1-6535e764d43f&pf_rd_r=MRVR918HRVGKWEC5RZYW&plink=XoZV9xKkWhsJopVi&pageLoadId=p44xZRxRNSWUyR2w&creativeId=b5fa8602-fb94-432a-aacc-e3734bed4f97&ref=a_library_w_c5_prod_22","https://m.media-amazon.com/images/I/61njpB0VpIL._SL500_.jpg","Scott Lynch","Michael Page","Action & Adventure,Fantasy,Fiction","4.9","4.7","Witty Dialogue • Unpredictable Twists • Exceptional Narration • Compelling Friendship Dynamics • Masterful Worldbuilding"
"The Help","https://www.audible.com/pd/The-Help-Audiobook/B002UZKYDQ?ref_pageloadid=ijRuxg4KTq8ReFa6&pf_rd_p=95b555b2-2931-4812-98e1-6535e764d43f&pf_rd_r=MRVR918HRVGKWEC5RZYW&plink=XoZV9xKkWhsJopVi&pageLoadId=p44xZRxRNSWUyR2w&creativeId=b5fa8602-fb94-432a-aacc-e3734bed4f97&ref=a_library_w_c5_prod_23","https://m.media-amazon.com/images/I/513lJz2uywL._SL500_.jpg","Kathryn Stockett","Jenna Lamia, Bahni Turpin, Octavia Spencer, Cassandra Campbell","Fiction,Heartfelt,Feel-Good,Suspenseful","4.9","4.8","Compelling Characters, Emotional Storytelling, Authentic Historical Context, Multiple Perspectives"
"Star Wars: Heir to the Empire","https://www.audible.com/pd/Star-Wars-Heir-to-the-Empire-Audiobook/B005IHAT1A?ref_pageloadid=ijRuxg4KTq8ReFa6&pf_rd_p=95b555b2-2931-4812-98e1-6535e764d43f&pf_rd_r=MRVR918HRVGKWEC5RZYW&plink=XoZV9xKkWhsJopVi&pageLoadId=p44xZRxRNSWUyR2w&creativeId=b5fa8602-fb94-432a-aacc-e3734bed4f97&ref=a_library_w_c5_prod_24","https://m.media-amazon.com/images/I/41XrjNDEMFL._SL500_.jpg","Timothy Zahn","Marc Thompson","Science Fiction & Fantasy,Action & Adventure","4.8","4.7","Authentic Continuation, Brilliant Antagonist, Exceptional Narration, Masterful Voice Acting, Balanced Pacing"
"Defiance of the Fall","https://www.audible.com/pd/Defiance-of-the-Fall-Audiobook/B094JZMCJX?ref_pageloadid=ijRuxg4KTq8ReFa6&pf_rd_p=95b555b2-2931-4812-98e1-6535e764d43f&pf_rd_r=MRVR918HRVGKWEC5RZYW&plink=XoZV9xKkWhsJopVi&pageLoadId=p44xZRxRNSWUyR2w&creativeId=b5fa8602-fb94-432a-aacc-e3734bed4f97&ref=a_library_w_c5_prod_25","https://m.media-amazon.com/images/I/515jr-heH4L._SL500_.jpg","TheFirstDefier, JF Brink","Pavi Proczko","Science Fiction & Fantasy,Adventure,Fantasy,Fiction,LitRPG,Feel-Good,Parallel Universe","4.7","4.7","Compelling World-building • Engaging Progression System • Distinct Character Voices • Exciting Action Sequences"
"Fire and Song","https://www.audible.com/pd/Fire-and-Song-Audiobook/B0CC36MC2X?ref_pageloadid=ijRuxg4KTq8ReFa6&pf_rd_p=95b555b2-2931-4812-98e1-6535e764d43f&pf_rd_r=MRVR918HRVGKWEC5RZYW&plink=XoZV9xKkWhsJopVi&pageLoadId=p44xZRxRNSWUyR2w&creativeId=b5fa8602-fb94-432a-aacc-e3734bed4f97&ref=a_library_w_c5_prod_26","https://m.media-amazon.com/images/I/61pgDHMwi5L._SL500_.jpg","Bryce O'Connor","Luke Daniels","Science Fiction & Fantasy","4.8","4.8","Deep Character Development • Compelling Relationships • Exceptional Voice Acting • Engaging Tournament Scenes"
"All Systems Red (Dramatized Adaptation)","https://www.audible.com/pd/All-Systems-Red-Dramatized-Adaptation-Audiobook/B0CHG25ZT7?ref_pageloadid=ijRuxg4KTq8ReFa6&pf_rd_p=95b555b2-2931-4812-98e1-6535e764d43f&pf_rd_r=MRVR918HRVGKWEC5RZYW&plink=XoZV9xKkWhsJopVi&pageLoadId=p44xZRxRNSWUyR2w&creativeId=b5fa8602-fb94-432a-aacc-e3734bed4f97&ref=a_library_w_c5_prod_27","https://m.media-amazon.com/images/I/514BG7CJ0WL._SL500_.jpg","Martha Wells","Alejandro Ruiz, Bradley Foster Smith, Holly Adams, Michael John Casey, Zeke Alton, Rayner Gabriel, Natalie Van Sistine, David Cui Cui, Khaya Fraites, Aure Nash, Megan Dorminy","Science Fiction & Fantasy,Adventure,Hard Science Fiction,Heartfelt","3.9","4.5","Excellent Story, Engaging Narrative, Nonbinary Representation, Humorous Elements, Fast-paced Plot"
"Watership Down","https://www.audible.com/pd/Watership-Down-Audiobook/1982562706?ref_pageloadid=ijRuxg4KTq8ReFa6&pf_rd_p=95b555b2-2931-4812-98e1-6535e764d43f&pf_rd_r=MRVR918HRVGKWEC5RZYW&plink=XoZV9xKkWhsJopVi&pageLoadId=p44xZRxRNSWUyR2w&creativeId=b5fa8602-fb94-432a-aacc-e3734bed4f97&ref=a_library_w_c5_prod_28","https://m.media-amazon.com/images/I/512H-gZMD-L._SL500_.jpg","Richard Adams","Peter Capaldi","Classics,Coming of Age,Epic,Epic Fantasy,Fantasy,Fantasy Essentials,Fiction,Movie, TV & Video Game Tie-Ins,Adventure,Witty,Feel-Good,Suspenseful,Literature & Fiction","4.9","4.8","Epic Adventure • Rich Characters • Captivating Storytelling • Immersive Mythology • Profound Themes"
"The House in the Cerulean Sea","https://www.audible.com/pd/The-House-in-the-Cerulean-Sea-Audiobook/1250264294?ref_pageloadid=ijRuxg4KTq8ReFa6&pf_rd_p=95b555b2-2931-4812-98e1-6535e764d43f&pf_rd_r=MRVR918HRVGKWEC5RZYW&plink=XoZV9xKkWhsJopVi&pageLoadId=p44xZRxRNSWUyR2w&creativeId=b5fa8602-fb94-432a-aacc-e3734bed4f97&ref=a_library_w_c5_prod_29","https://m.media-amazon.com/images/I/51Nspg1qBCL._SL500_.jpg","TJ Klune","Daniel Henning","Fantasy,Fiction,Feel-Good,Heartfelt,Suspenseful,Teen & Young Adult","4.7","4.7","Heartwarming Narrative, Magical Atmosphere, Emotional Depth, Whimsical Humor, Immersive Performance"
"Listen for the Lie","https://www.audible.com/pd/Listen-for-the-Lie-Audiobook/B0C3PHN7SV?ref_pageloadid=ijRuxg4KTq8ReFa6&pf_rd_p=95b555b2-2931-4812-98e1-6535e764d43f&pf_rd_r=MRVR918HRVGKWEC5RZYW&plink=XoZV9xKkWhsJopVi&pageLoadId=p44xZRxRNSWUyR2w&creativeId=b5fa8602-fb94-432a-aacc-e3734bed4f97&ref=a_library_w_c5_prod_30","https://m.media-amazon.com/images/I/51zllGBPiuL._SL500_.jpg","Amy Tintera","January LaVoy, Will Damron","Crime,Mystery,Thriller & Suspense,Fiction,Exciting,Suspenseful","4.7","4.5","Innovative Narrative Structure, Unexpected Plot Twists, Witty Protagonist, Engaging Podcast Format, Dark Humor"
"None of This Is True","https://www.audible.com/pd/None-of-This-Is-True-Audiobook/B0BHFB2WQK?ref_pageloadid=ijRuxg4KTq8ReFa6&pf_rd_p=95b555b2-2931-4812-98e1-6535e764d43f&pf_rd_r=MRVR918HRVGKWEC5RZYW&plink=XoZV9xKkWhsJopVi&pageLoadId=p44xZRxRNSWUyR2w&creativeId=b5fa8602-fb94-432a-aacc-e3734bed4f97&ref=a_library_w_c5_prod_31","https://m.media-amazon.com/images/I/51V1Zpn3HbL._SL500_.jpg","Lisa Jewell","Kristin Atherton, Ayesha Antoine, Louise Brealey, Alix Dunmore, Elliot Fitzpatrick, Lisa Jewell, Thomas Judd, Dominic Thorburn, Nicola Walker, Jenny Walser","Mystery,Thriller & Suspense,Fiction,Exciting,Suspenseful,Unreliable Narrator","4.8","4.5","Captivating Plot Twists • Innovative Podcast Format • Masterful Narration • Psychological Depth • Immersive Production"
"Welcome to Night Vale","https://www.audible.com/pd/Welcome-to-Night-Vale-Audiobook/B00YI0CDFS?ref_pageloadid=ijRuxg4KTq8ReFa6&pf_rd_p=95b555b2-2931-4812-98e1-6535e764d43f&pf_rd_r=MRVR918HRVGKWEC5RZYW&plink=XoZV9xKkWhsJopVi&pageLoadId=p44xZRxRNSWUyR2w&creativeId=b5fa8602-fb94-432a-aacc-e3734bed4f97&ref=a_library_w_c5_prod_32","https://m.media-amazon.com/images/I/61AAEQqA+uL._SL500_.jpg","Joseph Fink, Jeffrey Cranor","Cecil Baldwin, Dylan Marron, Retta, Thérèse Plummer, Dan Bittner","Fantasy,Fiction,Horror,Humorous,Science Fiction & Fantasy,Scary,Mind-Bending,Witty,Feel-Good,Literature & Fiction","4.7","4.3","Creative Atmosphere, Expanded Universe, Soothing Voice, Relatable Characters, Interesting Twists, Meaningful Themes"
"The Stardust Thief","https://www.audible.com/pd/The-Stardust-Thief-Audiobook/B09S4XPCZP?ref_pageloadid=ijRuxg4KTq8ReFa6&pf_rd_p=95b555b2-2931-4812-98e1-6535e764d43f&pf_rd_r=MRVR918HRVGKWEC5RZYW&plink=XoZV9xKkWhsJopVi&pageLoadId=p44xZRxRNSWUyR2w&creativeId=b5fa8602-fb94-432a-aacc-e3734bed4f97&ref=a_library_w_c5_prod_33","https://m.media-amazon.com/images/I/61dXaYtLfJL._SL500_.jpg","Chelsea Abdullah","Nikki Massoud, Sean Rohani, Rasha Zamamiri","Action & Adventure,Fantasy,Fiction,Science Fiction & Fantasy","4.5","4.4","Immersive Worldbuilding, Engaging Characters, Enchanting Cast, Magical Storytelling, Thrilling Adventure"
"Age of Myth","https://www.audible.com/pd/Age-of-Myth-Audiobook/B0DNLG5BW7?ref_pageloadid=ijRuxg4KTq8ReFa6&pf_rd_p=95b555b2-2931-4812-98e1-6535e764d43f&pf_rd_r=MRVR918HRVGKWEC5RZYW&plink=XoZV9xKkWhsJopVi&pageLoadId=p44xZRxRNSWUyR2w&creativeId=b5fa8602-fb94-432a-aacc-e3734bed4f97&ref=a_library_w_c5_prod_34","https://m.media-amazon.com/images/I/51pHw8-WRPL._SL500_.jpg","Michael J. Sullivan","Tim Gerard Reynolds","Science Fiction & Fantasy,Fantasy,Fiction,Exciting,Heartfelt,Suspenseful","4.8","4.6","Captivating Storytelling, Rich Worldbuilding, Masterful Narration, Complex Mythology, Unexpected Twists"
"Razorblade Tears","https://www.audible.com/pd/Razorblade-Tears-Audiobook/1250804809?ref_pageloadid=ijRuxg4KTq8ReFa6&pf_rd_p=95b555b2-2931-4812-98e1-6535e764d43f&pf_rd_r=MRVR918HRVGKWEC5RZYW&plink=XoZV9xKkWhsJopVi&pageLoadId=p44xZRxRNSWUyR2w&creativeId=b5fa8602-fb94-432a-aacc-e3734bed4f97&ref=a_library_w_c5_prod_35","https://m.media-amazon.com/images/I/511I8M8Zq6L._SL500_.jpg","S. A. Cosby","Adam Lazarre-White","Crime,Mystery,Thriller & Suspense,Fiction,Emotionally Gripping,Exciting,Heartfelt,Suspenseful","4.8","4.7","Compelling Character Development • Gripping Revenge Storyline • Complex Protagonists • Powerful Emotional Impact"
"Blacktop Wasteland","https://www.audible.com/pd/Blacktop-Wasteland-Audiobook/1250751934?ref_pageloadid=ijRuxg4KTq8ReFa6&pf_rd_p=95b555b2-2931-4812-98e1-6535e764d43f&pf_rd_r=MRVR918HRVGKWEC5RZYW&plink=XoZV9xKkWhsJopVi&pageLoadId=p44xZRxRNSWUyR2w&creativeId=b5fa8602-fb94-432a-aacc-e3734bed4f97&ref=a_library_w_c5_prod_36","https://m.media-amazon.com/images/I/519WdLVjymL._SL500_.jpg","S. A. Cosby","Adam Lazarre-White","Crime,Mystery,Thriller & Suspense,Fiction,Exciting,Heartfelt,Suspenseful","4.8","4.6","Complex Characters • Authentic Southern Setting • Emotional Depth • Masterful Storytelling • Captivating Performance"
"Yumi and the Nightmare Painter (Dramatized Adaptation)","https://www.audible.com/pd/Yumi-and-the-Nightmare-Painter-Dramatized-Adaptation-Audiobook/B0DJN1BCLS?ref_pageloadid=ijRuxg4KTq8ReFa6&pf_rd_p=95b555b2-2931-4812-98e1-6535e764d43f&pf_rd_r=MRVR918HRVGKWEC5RZYW&plink=XoZV9xKkWhsJopVi&pageLoadId=p44xZRxRNSWUyR2w&creativeId=b5fa8602-fb94-432a-aacc-e3734bed4f97&ref=a_library_w_c5_prod_37","https://m.media-amazon.com/images/I/51nidelfhPL._SL500_.jpg","Brandon Sanderson","Danny Gavigan, Crystal Lee, Joey Sourlis, DeJeanette Horne, Gabriel Michael, full cast, Ashley D. Nguyen, Chris Davenport, Christopher Walker, David Cui Cui, Su Ling Chan, Stephanie Németh-Parker","Audio Performances & Dramatizations,Dramatizations,Heartfelt,Fantasy,Fiction,Exciting,Heartfelt,Suspenseful,Feel-Good","4.8","4.7","Intriguing Magical System • Unexpected Plot Twists • Delightful Narration • Emotional Storytelling • Unique Worldbuilding"
"All the Sinners Bleed","https://www.audible.com/pd/All-the-Sinners-Bleed-Audiobook/B0BF16LTRJ?ref_pageloadid=ijRuxg4KTq8ReFa6&pf_rd_p=95b555b2-2931-4812-98e1-6535e764d43f&pf_rd_r=MRVR918HRVGKWEC5RZYW&plink=XoZV9xKkWhsJopVi&pageLoadId=p44xZRxRNSWUyR2w&creativeId=b5fa8602-fb94-432a-aacc-e3734bed4f97&ref=a_library_w_c5_prod_38","https://m.media-amazon.com/images/I/51MN6hOOGkL._SL500_.jpg","S. A. Cosby","Adam Lazarre-White","Thriller & Suspense,Crime,Fiction,Exciting,Suspenseful","4.8","4.6","Masterful Storytelling • Complex Protagonist • Vivid Setting • Unpredictable Plot • Atmospheric Tension"
"Piranesi","https://www.audible.com/pd/Piranesi-Audiobook/1526622416?ref_pageloadid=ijRuxg4KTq8ReFa6&pf_rd_p=95b555b2-2931-4812-98e1-6535e764d43f&pf_rd_r=MRVR918HRVGKWEC5RZYW&plink=XoZV9xKkWhsJopVi&pageLoadId=p44xZRxRNSWUyR2w&creativeId=b5fa8602-fb94-432a-aacc-e3734bed4f97&ref=a_library_w_c5_prod_39","https://m.media-amazon.com/images/I/51Z6MGqy1eL._SL500_.jpg","Susanna Clarke","Chiwetel Ejiofor","Fiction,Fantasy,Heartfelt,Mind-Bending,Unreliable Narrator,Feel-Good,Suspenseful","4.8","4.5","Unique Premise • Beautiful Prose • Masterful Narration • Lovable Protagonist • Haunting Atmosphere • Intriguing Mystery"
"Chain Gang All Stars","https://www.audible.com/pd/Chain-Gang-All-Stars-Audiobook/B0B9T6P5M2?ref_pageloadid=ijRuxg4KTq8ReFa6&pf_rd_p=95b555b2-2931-4812-98e1-6535e764d43f&pf_rd_r=MRVR918HRVGKWEC5RZYW&plink=XoZV9xKkWhsJopVi&pageLoadId=p44xZRxRNSWUyR2w&creativeId=b5fa8602-fb94-432a-aacc-e3734bed4f97&ref=a_library_w_c5_prod_40","https://m.media-amazon.com/images/I/51H8FNKZkVL._SL500_.jpg","Nana Kwame Adjei-Brenyah","Shayna Small, Aaron Goodson, Michael Crouch, Lee Osorio","Fiction,Science Fiction & Fantasy,Suspenseful","4.6","4.3","Powerful Storytelling, Complex Characters, Outstanding Voice Acting, Thought-provoking Commentary, Visceral Action"
"Dark Matter (Movie Tie-In)","https://www.audible.com/pd/Dark-Matter-Audiobook/B01CUKULGA?ref_pageloadid=ijRuxg4KTq8ReFa6&pf_rd_p=95b555b2-2931-4812-98e1-6535e764d43f&pf_rd_r=MRVR918HRVGKWEC5RZYW&plink=XoZV9xKkWhsJopVi&pageLoadId=p44xZRxRNSWUyR2w&creativeId=b5fa8602-fb94-432a-aacc-e3734bed4f97&ref=a_library_w_c5_prod_41","https://m.media-amazon.com/images/I/51uagBm5MxL._SL500_.jpg","Blake Crouch","Jon Lindstrom","Mystery, Thriller & Suspense,Science Fiction & Fantasy,Exciting,Scary","4.6","4.3","Thought-provoking Concept • Unpredictable Plot Twists • Excellent Narration • Compelling Protagonist • Emotional Core"
"Recursion","https://www.audible.com/pd/Recursion-Audiobook/1984886878?ref_pageloadid=ijRuxg4KTq8ReFa6&pf_rd_p=95b555b2-2931-4812-98e1-6535e764d43f&pf_rd_r=MRVR918HRVGKWEC5RZYW&plink=XoZV9xKkWhsJopVi&pageLoadId=p44xZRxRNSWUyR2w&creativeId=b5fa8602-fb94-432a-aacc-e3734bed4f97&ref=a_library_w_c5_prod_42","https://m.media-amazon.com/images/I/41kTCl6OwHL._SL500_.jpg","Blake Crouch","Jon Lindstrom, Abby Craden","Mystery,Thriller & Suspense,Science Fiction & Fantasy,Fiction,Exciting,Suspenseful,Feel-Good","4.7","4.5","Mind-bending Narrative, Complex Timelines, Philosophical Depth, Emotional Resonance, Compelling Plot"
"Once Upon a Crime","https://www.audible.com/pd/Once-Upon-a-Crime-Audiobook/B0DX3DHMKC?ref_pageloadid=ijRuxg4KTq8ReFa6&pf_rd_p=95b555b2-2931-4812-98e1-6535e764d43f&pf_rd_r=MRVR918HRVGKWEC5RZYW&plink=XoZV9xKkWhsJopVi&pageLoadId=p44xZRxRNSWUyR2w&creativeId=b5fa8602-fb94-432a-aacc-e3734bed4f97&ref=a_library_w_c5_prod_43","https://m.media-amazon.com/images/I/51UVeBSscKL._SL500_.jpg","Brynn Kelly","Chase Brown, Rebekkah Ross","Action & Adventure,Romantic Suspense,Suspense,Thriller & Suspense,Exciting,Feel-Good,Funny","4.7","4.6","Unexpected Plot Twists, Engaging Storyline, Excellent Narration, Balanced Romance, Witty Dialogue"
"Assistant to the Villain","https://www.audible.com/pd/Assistant-to-the-Villain-Audiobook/B0C41RZ43N?ref_pageloadid=ijRuxg4KTq8ReFa6&pf_rd_p=95b555b2-2931-4812-98e1-6535e764d43f&pf_rd_r=MRVR918HRVGKWEC5RZYW&plink=XoZV9xKkWhsJopVi&pageLoadId=p44xZRxRNSWUyR2w&creativeId=b5fa8602-fb94-432a-aacc-e3734bed4f97&ref=a_library_w_c5_prod_44","https://m.media-amazon.com/images/I/51AXuL91L1L._SL500_.jpg","Hannah Nicole Maehrer","Em Eldridge","Fantasy,Humorous,Fiction,Exciting,Heartfelt,Suspenseful,Feel-Good","4","4.3","Engaging Plot Twists, Witty Banter, Distinct Character Voices, Humorous Dialogue, Fantasy World-building"
"Jade City","https://www.audible.com/pd/Jade-City-Audiobook/B0771W7K2Z?ref_pageloadid=ijRuxg4KTq8ReFa6&pf_rd_p=95b555b2-2931-4812-98e1-6535e764d43f&pf_rd_r=MRVR918HRVGKWEC5RZYW&plink=XoZV9xKkWhsJopVi&pageLoadId=p44xZRxRNSWUyR2w&creativeId=b5fa8602-fb94-432a-aacc-e3734bed4f97&ref=a_library_w_c5_prod_45","https://m.media-amazon.com/images/I/614lDW3OVnL._SL500_.jpg","Fonda Lee","Andrew Kishino","Action & Adventure,Fantasy,Fiction,Suspenseful","4.6","4.4","Immersive Worldbuilding • Complex Characters • Unique Magic System • Compelling Family Dynamics • Engaging Plot Twists"
"An Unexpected Hero","https://www.audible.com/pd/An-Unexpected-Hero-Audiobook/B0DDLHDJD9?ref_pageloadid=ijRuxg4KTq8ReFa6&pf_rd_p=95b555b2-2931-4812-98e1-6535e764d43f&pf_rd_r=MRVR918HRVGKWEC5RZYW&plink=XoZV9xKkWhsJopVi&pageLoadId=p44xZRxRNSWUyR2w&creativeId=b5fa8602-fb94-432a-aacc-e3734bed4f97&ref=a_library_w_c5_prod_46","https://m.media-amazon.com/images/I/51cnSLesscL._SL500_.jpg","Rhett C. Bruno, Jaime Castle","Jeff Hays, Justin Thomas James, Annie Ellicott, Ian M. Walker","Science Fiction & Fantasy,Fantasy,Fiction,Exciting,Humorous,Witty,Suspenseful","4.9","4.4","Humorous Storytelling, Engaging Characters, Exceptional Voice Acting, Immersive Audio Production, Full Cast Performance"
"The Last Mountain Man [Dramatized Adaptation]","https://www.audible.com/pd/The-Last-Mountain-Man-Dramatized-Adaptation-Audiobook/1648805639?ref_pageloadid=ijRuxg4KTq8ReFa6&pf_rd_p=95b555b2-2931-4812-98e1-6535e764d43f&pf_rd_r=MRVR918HRVGKWEC5RZYW&plink=XoZV9xKkWhsJopVi&pageLoadId=p44xZRxRNSWUyR2w&creativeId=b5fa8602-fb94-432a-aacc-e3734bed4f97&ref=a_library_w_c5_prod_47","https://m.media-amazon.com/images/I/51i6CY0N+hL._SL500_.jpg","William W. Johnstone","full cast, Mort Shelby, James Lewis, Sherri Simpson, David Coyne, Dylan Lynch, Thomas Penny, Tim Getman, James Konicek, Jason Stiles, Christopher Graybill, Jonathan Watkins","Action & Adventure,Fiction,Heartfelt","4.9","4.8",""
"The Perfect Run","https://www.audible.com/pd/The-Perfect-Run-Audiobook/B09HSRRT1T?ref_pageloadid=ijRuxg4KTq8ReFa6&pf_rd_p=95b555b2-2931-4812-98e1-6535e764d43f&pf_rd_r=MRVR918HRVGKWEC5RZYW&plink=XoZV9xKkWhsJopVi&pageLoadId=p44xZRxRNSWUyR2w&creativeId=b5fa8602-fb94-432a-aacc-e3734bed4f97&ref=a_library_w_c5_prod_48","https://m.media-amazon.com/images/I/61JlN73lQzL._SL500_.jpg","Maxime J. Durand, Void Herald","Eric Michael Summerer","Action & Adventure,Fantasy,Paranormal,Science Fiction,Time Travel","4.8","4.6","Engaging Time-loop Concept, Witty Humor, Excellent Character Voices, Unique Superpowers, Unpredictable Plot"
"The Tainted Cup","https://www.audible.com/pd/The-Tainted-Cup-Audiobook/B0C6YM8Q3B?ref_pageloadid=ijRuxg4KTq8ReFa6&pf_rd_p=95b555b2-2931-4812-98e1-6535e764d43f&pf_rd_r=MRVR918HRVGKWEC5RZYW&plink=XoZV9xKkWhsJopVi&pageLoadId=p44xZRxRNSWUyR2w&creativeId=b5fa8602-fb94-432a-aacc-e3734bed4f97&ref=a_library_w_c5_prod_49","https://m.media-amazon.com/images/I/51ZWDhPrvwL._SL500_.jpg","Robert Jackson Bennett","Andrew Fallaize","Action & Adventure,Fantasy,Fiction,Science Fiction & Fantasy,Exciting,Suspenseful","4.8","4.7","Engaging Mystery • Unique Worldbuilding • Distinctive Character Voices • Compelling Protagonists • Clever Plot Twists"
"World War Z: The Complete Edition","https://www.audible.com/pd/World-War-Z-The-Complete-Edition-Audiobook/B00BIKAVHS?ref_pageloadid=ijRuxg4KTq8ReFa6&pf_rd_p=95b555b2-2931-4812-98e1-6535e764d43f&pf_rd_r=MRVR918HRVGKWEC5RZYW&plink=XoZV9xKkWhsJopVi&pageLoadId=p44xZRxRNSWUyR2w&creativeId=b5fa8602-fb94-432a-aacc-e3734bed4f97&ref=a_library_w_c5_prod_50","https://m.media-amazon.com/images/I/51XIFVj++8L._SL500_.jpg","Max Brooks","Max Brooks, Alan Alda, John Turturro, Rob Reiner, Mark Hamill, Alfred Molina, Simon Pegg, Henry Rollins, Martin Scorsese","Action & Adventure,Fiction,Thriller & Suspense,Science Fiction & Fantasy","4.8","4.6","Documentary-style Format, Global Perspective, Star-studded Cast, Realistic Portrayal, Immersive Storytelling"
